발주번호,SKU ID,SKU 이름,확정수량
135166417,13101217,오아 클린이소프트R 자동압력센서 롤링터치 음파 전동 칫솔 화이트,2
135166412,72828733,오아 컴팩트쿨맥스 휴대용 미니 핸디 급속 냉각 손 선풍기 클라우디블루 OPFN-014CB,1186
135166409,15004955,"오아 타프 실링팬 캠핑용 천장형 BLDC 무선 선풍기, OFN-037WH, 화이트",3
135166408,13745117,오아 슈퍼건 안마기 초소형 휴대용 무선 핸디 전동 마사지건 진동 마사지기 승모근 마사지,1
135166408,4125377,오아 슬리머 마사지기 OA-MA900 (브라운),7
135166408,13195811,오아 듀얼 무릎 마사지기 V2 무선 온열 마사지 찜질 안마기OMS-008BE,2
135166397,12091621,보아르 V에어46 공기청정기 프리미엄 필터,1
135166397,9567647,오아 안개 1000 미니 초음파 탁상용 가습기,1
135166397,11192166,오아 퓨어 공기청정기 교체용 필터,2
135166396,39228155,오아 베이직 대용량 통세척 초음파 가습기4.5L,1
135166396,66357977,오아 소닉플로우 BLDC 항공모터 고속 초경량 헤어 드라이기 1800W 베이지 ODRY-007BE,4
135166396,40639939,오아 25W 초소형 듀얼포트 PPS 초고속 PD 충전기 아이폰 갤럭시 C타입 어댑터,1
135166396,26426530,오아 슬리머 안마기 쿠션형 마사지기-베이지,88
135166396,36608029,오아 아이템플 OMS-025WH,8
135166396,63742200,보아르 아가온 분유포트 3000ml 대용량 보온 원터치 출수 분리형 물통 VBNM-002WH,1
135166396,22119013,보아르 워시 B 핸디 살균 스팀 청소기,1
135166396,38183281,오아 넥스트레쳐 목 마사지기 거북목 스트레칭 EMS 저주파 안마기 OMS-026BE,2
135166396,65969750,오아 쁘띠차저 100W GaN PD 3.0 PPS 4포트 고속 멀티충전기 화이트 1개,7
135166396,64287980,오아 퀵듀오 고속 충전 8핀 일체형 C타입 보조배터리 10000mAh 멀티단자 베이지 OBAT-001BE,1
135166396,23200603,오아 스퀘어 미니 탁상용 무선 휴대용 USB BLDC 선풍기 화이트,41
135166396,23200605,오아 스퀘어 미니 탁상용 무선 캠핑 휴대용 USB 선풍기 베이지,25
135166396,35401181,오아 슈퍼윈디 여행용 헤어 드라이기 BLDC 저소음 휴대용 미니 드라이어 그레이 OHA-016GR,1
135166396,69770093,오아 효도손 마사지기 갈고리형 전신 허리 등 어깨 휴대용 무선 전동 안마기 블랙 OMSG-001BK,10
135166396,71173111,오아 아이스볼트 미스트 100단 냉각 미니 핸디 휴대용 선풍기 혼합색상 OPFN-012FM,1
135166396,72699935,오아 에어쿨 핸디 맥스 휴대용 미니 냉각 손 선풍기 포그밀크 OPFN-013FM,8
135166396,46671749,오아 에어쿨 핸디 휴대용 미니 급속 냉각 에어컨 손 선풍기 핸드 손풍기 화이트 OFN-055WH,10
135166396,64212381,오아 오토 헤어 웨이브 자동 롤러 볼륨 고데기 36mm 블루 OSTR-003BL,8
135166396,69767288,보아르 비드틱S 수비드머신 온도조절 스테인리스 304 진공 조리기 VSVM-001BK,15
135166396,68924611,오아 포켓롤 해외 여행용 5포트 PD 35W 초고속충전 멀티 어댑터 모닝라벤더 1개,2
135166396,66778787,오아 미니핏 휴대용 고데기베이지 OSTR-008BE,1
135166396,74693807,보아르 이지 전기포트 M1 접이식 분유포트 휴대용 미니 여행용 프리볼트 온도조절 커피포트 그레이 VPEP-006GL,40
135166396,66358440,오아 히트워머 무선 온열 허리 찜질기 복부 배 마사지기 OMTM-004PK 핑크,2
135166396,66778788,오아 미니핏 휴대용 고데기 블루 OSTR-008BL,1
135166396,66778789,오아 미니핏 휴대용 고데기 핑크 OSTR-008PK,6
135166396,56667264,오아 미니 핸디 무선 진공 소형 스틱 청소기 화이트 OCVC-006WH,2
135166396,15826960,오아 뷰티 빗 고데기 스트레이트 매직기,2
135166396,60084208,오아 라운드PRO 무선 스탠드 선풍기 써큘레이터 리모컨 공기순환기 카키 OFN-045KH,5
135166396,73893263,보아르 이지 전기포트 M1 접이식 분유포트 휴대용 미니 여행용 프리볼트 온도조절 커피포트 VPEP-006IV,2
135166396,72828734,오아 컴팩트쿨맥스 휴대용 미니 핸디 급속 냉각 손 선풍기 포그밀크 OPFN-014FM,141
135166396,32710937,오아 클린이소프트 시리즈 전용 리필 미세모 화이트 2P 1개 OET-076-OTOWH,6
135166396,68938743,오아 프리온 무선 미니 배터리 분리 기내반입 세라믹 고데기 핑크 OSTR-013PK,30
135166396,58610450,오아 에어링 무선 탁상용 미니 선풍기 USB 저소음 아이보리 OMFN-004IV,8
135166396,38412071,오아 풋터치형 2단 스퀘어 미니 각도조절 회전 발난로 베이지 OHT-016BE,1
135166396,64778162,오아 베이직 휴대용 미니 헤어 뿌리 볼륨 빗고데기 베이지 OSTR-002BE1,7
135166396,34330469,오아 라운드 핸디팬 무선 휴대용 USB 초경량 미니 손 선풍기 베이지 OFN-046BE,41
135166396,40501253,보아르 컴포트클링 무선 UV 살균 침구청소기 아이보리 VCL-035IV,6
135166396,57592449,오아 무선 콤보 일반형 무소음 키보드 + 마우스 세트 메탈그레이 OKBD-001BK 제조사축,7
135166396,50709616,오아 에어 핸드 손 마사지기 무선 온열 손목 안마기 화이트 OMSG-009WH,1
135166396,69096296,오아 클린이퓨어 PRO 휴대용 UV 칫솔 소독 살균기 코튼핑크 OTS-004CP,2
135166396,69096297,오아 클린이퓨어 PRO 휴대용 UV 칫솔 소독 살균기 클라우디블루 OTS-004CB,8
135166396,42051062,보아르 스테인리스 304 다이닝 토스트기 VDT-001IV,4
135166396,51989601,오아 클린이워터B D F Z 전용 5종 팁세트 1세트 OET-067-OROWH,21
135166396,69772625,오아 클린이워터B-UV 휴대용 구강세정기 물치실 IPX7 방수 치아세정기 클라우디블루 OORL-018CB,14
135166396,69772627,오아 클린이워터B-UV 휴대용 구강세정기 물치실 IPX7 방수 치아세정기 차콜스톤 OORL-018CS,27
135166396,68253037,오아 BLDC 헤어 드라이기 미니 블루 ODRY-008BL 1100W + 파우치,39
135166396,69772629,오아 클린이워터B-UV 휴대용 구강세정기 물치실 IPX7 방수 치아세정기 포그밀크 OORL-018FM,18
135166396,66417803,보아르 듀얼 히팅 에어프라이어8L 대용량 상하열선 투명 바스켓 에어프라이기 그릴 오븐형 에어후라이기 블랙 VAFR-004BK,8
135166396,44916947,오아 바디건 OMS-034BE,16
135166396,73956460,오아 워터쉴드넥 스마트폰 4중잠금 방수팩 + 넥스트랩 어비스블랙 1세트,7
135166393,14218802,오아 클린이베어 어린이 음파 전동칫솔 블루,1
135166378,59199875,오아 제로버그 전기 포충기 휴대용 가정용 캠핑 모기 퇴치기 OIST-001WH,9
135166378,25321998,"오아 넥쿨러 프로 BLDC 휴대용 넥밴드 목걸이 넥풍기 목 선풍기 화이트, OFN-043WH",31
135166378,25321996,"오아 넥쿨러 프로 BLDC 휴대용 넥밴드 목걸이 넥풍기 목 선풍기, 베이지, OFN-043BE",3
135166378,60725132,오아 클린이퓨어S 휴대용 UV 칫솔 살균기 화이트 OTBS-002,1
135166378,46543317,보아르 다이닝 올 스텐 무선 전기포트 2L 대용량 보온 커피포트,1
135166378,67191572,오아 무선 휴대용 볼트건 안마기 OMSG-024BK 블랙,7
135166378,25512595,오아 클린이펭귄 유아 음파 전동칫솔 블루 OOT-006BL,12
135166378,27056005,보아르 워시스핀C 무선 충전식 욕실 청소기 VCL-031WH,10
135166378,64214259,오아 히트스팟S 미니 손목 무선 EMS 저주파 온열 마사지기 블랙 OMSG-025BK,60
135166378,64214258,오아 히트스팟S 미니 손목 무선 EMS 저주파 온열 마사지기 베이지 OMSG-025BE,4
135166378,46962408,오아 울트라젯 휴대용 미니 무선 손 선풍기 초강력 저소음 핸디 핸드 캠핑 에어건 손풍기 블랙 OFN-063BK,35
135166378,50875168,오아 커버넥 무선 목 어깨 온열 마사지기 베이지 OMSG-010BE,1
135166378,32711387,오아 클린이소프트 시리즈 전용 리필 미세모 블랙 2P 1개 OET-078-OTOBK,5
135166378,34320929,오아 라운드 미니 탁상용 무선 휴대용 USB BLDC 선풍기 베이지,76
135166378,62374813,오아 탭탭 블루투스 스피커 휴대용 미니 크림화이트 OSPK-005WH,1
135166378,74826974,오아 몬스터 퀵 고속 충전 240W C타입 케이블 C to C 충전선 포그밀크 1개 120cm,6
135086881,32310447,삼대오백 크레아틴 모노 하이드레이트 2통 300g,60
135086881,55275145,삼대오백 EAA 아미노산 요구르트맛 300g 1개,96
135086881,66398640,삼대오백 크레아퓨어 크레아틴 모노 하이드레이트 300g 1개,24
135086881,68581392,삼대오백 글리세롤 글리펌프 워터멜론 300g 15회분 1개,48
135086881,41393087,삼대오백 프리워크아웃 월드클래스 분말 오렌지 헬스부스터 300g 1개,24
135086881,74905469,삼대오백 저당 그래놀라 시리얼 청크 카카오 200g 1개,72
135086881,65375214,삼대오백 EAA 블루베리 300g 1개,60
135086881,40978593,삼대오백 마그네슘 33g 1박스 30정,24
135086881,49247101,삼대오백 프리워크아웃 월드클래스 헬스부스터 분말 포도 700g 1개,48
135086881,40772346,삼대오백 월드클래스 펌프 헬스부스터 프리워크아웃 에너지 드링크 오렌지 80g 15개입 80ml,24
135086881,44332145,삼대오백 블랙마카 2000 132g 120정 1개,48
135086881,71495764,삼대오백 크레아퓨어 크레아틴 츄어블 레몬맛 2g 90정 180g 1개,24
135086881,39415107,뉴트리커먼 삼대오백 국내산 브로콜리 정제 15g 3통 30정,6
135086881,48253690,삼대오백 프리워크아웃 월드클래스 헬스부스터 분말 포도 300g 1개,96
135086881,58774364,삼대오백 리바이탈엑스 15포 20g 300g박스,84
135086881,50425564,삼대오백 L글루타민 300 파우더 분말 300g 1개,48
135086881,69522682,삼대오백 올인원 멀티비타민 대용량 100정 100g 1개,24
135086881,27777400,삼대오백 프로 헬스부스터 프리워크아웃 카페인 선택형 에너지 드링크 1박스 15개입,16
135086881,46672233,삼대오백 프로바이오틱스 사과식이섬유 유산균 15g 30캡슐 1박스,24
135086881,47734266,삼대오백 프리워크아웃 월드클래스 헬스부스터 분말 레몬 300g 1개,48
135086881,40584590,"삼대오백 글리세롤 펌프 20g x 15개, 1박스",24
135086881,60514547,삼대오백 EAA 아미노산 요구르트 700g 1개,60
135086881,58204817,"삼대오백 퓨어 오프시즌 카보린 순수 탄수화물 곡물 1000g,1개",8
135086881,40992472,삼대오백 퓨어 인시즌 카보린 플레인 헬스보충식품 1kg 1개,48
135086881,65376151,삼대오백 EAA 알로에맛 300g 1개,48
135086881,68596451,삼대오백 글리세롤 글리펌프 초코바나나 300g 15회분 1개,24
135086881,34175359,뉴트리커먼 삼대오백 아르기닌 6300 2박스 15개입,12
135086881,50661170,삼대오백 비타민C 1000mg 33g30정 2박스,24
135086881,74922935,삼대오백 저당 그래놀라 청크 오리지널 200g 1개,72
135086880,32324919,삼대오백 크레아틴 모노 하이드레이트 1통 300g,1280
135086880,57706716,삼대오백 바이퍼 그린 제로음료 24개 355ml,120
135086880,55276087,삼대오백 EAA 아미노산 매실맛 300g 1개,144
135086880,68512634,삼대오백 크레아틴 모노 하이드레이트 정제 144g120정 1개,216
135086880,57689954,"바이퍼 에너지그린 제로음료, 355ml, 6개",78
133473586,64330764,오아 이지 물결 웨이브 볼륨 프리볼트 고데기 블루 OHA-031BL,40
133473586,27515992,오아 클린이퓨어ProD화이트 OTS-005WH,50
133473586,61929592,보아르 모노1.5L 스텐 316 분유 보온 온도조절 커피 전기 주전자 VHEP-004WH,14
133473571,10727917,보아르 혼요 멀티쿠커 전골 전기 냄비 만능 테이블 쿠커,68
